PRAGMA foreign_keys=OFF;
BEGIN TRANSACTION;
CREATE TABLE `allowed_limit`(`user_id`, `schema_id`, `limit`);
INSERT INTO allowed_limit VALUES('1','1','5');
INSERT INTO allowed_limit VALUES('1','2','5');
INSERT INTO allowed_limit VALUES('2','1','5');
INSERT INTO allowed_limit VALUES('2','2','5');
INSERT INTO allowed_limit VALUES('3','1','5');
INSERT INTO allowed_limit VALUES('3','2','10');
CREATE TABLE `reservations`(`seat_id`, `ticket_id`, `note`, `price`);
CREATE TABLE `users`(`id`, `name`, `surname`, `email`, `password`, `roles`, `token`, `expires_at`, `ip_address`);
INSERT INTO users VALUES('1','James','Bond','james@bond.com','$2y$10$eBbCO28jNeNNLQSV4P8xOuY9zbHMu8VinVUvFAffCTdBd/YI6lIY.','administrator,user','abcd','2018-05-08 16:55:15','8.8.8.8');
INSERT INTO users VALUES('2','Daniel','Craig','daniel@craig.com','$2y$10$eBbCO28jNeNNLQSV4P8xOuY9zbHMu8VinVUvFAffCTdBd/YI6lIY.','guest','1234','2018-05-08 16:55:09','8.8.8.8');
INSERT INTO users VALUES('3','Pat','Mat','pat@mat.cz','$2y$10$eBbCO28jNeNNLQSV4P8xOuY9zbHMu8VinVUvFAffCTdBd/YI6lIY.','user','qwer','2018-05-08 16:55:15','8.8.8.8');
CREATE TABLE `schemas`(`id`, `name`, `limit`, `price`, `hidden`, `locked`);
INSERT INTO schemas VALUES('1','Vánoční koncert','5','250','1','0');
INSERT INTO schemas VALUES('2','Velikonoční koncert','5','100','0','1');
CREATE TABLE `seats`(`id`, `schema_id`, `state`, `price`, `x`, `y`, `row`, `col`);
INSERT INTO seats VALUES('1','1','1','250','1','1','1','1');
INSERT INTO seats VALUES('2','1','1','250','1','2','1','2');
INSERT INTO seats VALUES('3','1','1','250','1','3','1','3');
INSERT INTO seats VALUES('4','1','1','250','1','4','1','4');
INSERT INTO seats VALUES('5','1','1','250','1','5','1','5');
INSERT INTO seats VALUES('6','1','1','250','1','6','1','6');
INSERT INTO seats VALUES('7','1','1','250','1','7','1','7');
INSERT INTO seats VALUES('8','1','1','250','1','8','1','8');
INSERT INTO seats VALUES('9','1','1','250','1','9','1','9');
INSERT INTO seats VALUES('10','1','1','250','1','10','1','10');
INSERT INTO seats VALUES('11','1','1','250','2','1','2','1');
INSERT INTO seats VALUES('12','1','1','250','2','2','2','2');
INSERT INTO seats VALUES('13','1','1','250','2','3','2','3');
INSERT INTO seats VALUES('14','1','1','250','2','4','2','4');
INSERT INTO seats VALUES('15','1','1','250','2','5','2','5');
INSERT INTO seats VALUES('16','1','1','250','2','6','2','6');
INSERT INTO seats VALUES('17','1','1','250','2','7','2','7');
INSERT INTO seats VALUES('18','1','1','250','2','8','2','8');
INSERT INTO seats VALUES('19','1','1','250','2','9','2','9');
INSERT INTO seats VALUES('20','1','1','250','2','10','2','10');
INSERT INTO seats VALUES('21','1','1','250','3','1','3','1');
INSERT INTO seats VALUES('22','1','1','250','3','2','3','2');
INSERT INTO seats VALUES('23','1','1','250','3','3','3','3');
INSERT INTO seats VALUES('24','1','1','250','3','4','3','4');
INSERT INTO seats VALUES('25','1','1','250','3','5','3','5');
INSERT INTO seats VALUES('26','1','1','250','3','6','3','6');
INSERT INTO seats VALUES('27','1','1','250','3','7','3','7');
INSERT INTO seats VALUES('28','1','1','250','3','8','3','8');
INSERT INTO seats VALUES('29','1','1','250','3','9','3','9');
INSERT INTO seats VALUES('30','1','1','250','3','10','3','10');
INSERT INTO seats VALUES('31','1','1','250','4','1','4','1');
INSERT INTO seats VALUES('32','1','1','250','4','2','4','2');
INSERT INTO seats VALUES('33','1','1','250','4','3','4','3');
INSERT INTO seats VALUES('34','1','1','250','4','4','4','4');
INSERT INTO seats VALUES('35','1','1','250','4','5','4','5');
INSERT INTO seats VALUES('36','1','1','250','4','6','4','6');
INSERT INTO seats VALUES('37','1','1','250','4','7','4','7');
INSERT INTO seats VALUES('38','1','1','250','4','8','4','8');
INSERT INTO seats VALUES('39','1','1','250','4','9','4','9');
INSERT INTO seats VALUES('40','1','1','250','4','10','4','10');
INSERT INTO seats VALUES('41','1','1','250','5','1','5','1');
INSERT INTO seats VALUES('42','1','1','250','5','2','5','2');
INSERT INTO seats VALUES('43','1','1','250','5','3','5','3');
INSERT INTO seats VALUES('44','1','1','250','5','4','5','4');
INSERT INTO seats VALUES('45','1','1','250','5','5','5','5');
INSERT INTO seats VALUES('46','1','1','250','5','6','5','6');
INSERT INTO seats VALUES('47','1','1','250','5','7','5','7');
INSERT INTO seats VALUES('48','1','1','250','5','8','5','8');
INSERT INTO seats VALUES('49','1','1','250','5','9','5','9');
INSERT INTO seats VALUES('50','1','1','250','5','10','5','10');
INSERT INTO seats VALUES('51','1','1','250','6','1','6','1');
INSERT INTO seats VALUES('52','1','1','250','6','2','6','2');
INSERT INTO seats VALUES('53','1','1','250','6','3','6','3');
INSERT INTO seats VALUES('54','1','1','250','6','4','6','4');
INSERT INTO seats VALUES('55','1','1','250','6','5','6','5');
INSERT INTO seats VALUES('56','1','1','250','6','6','6','6');
INSERT INTO seats VALUES('57','1','1','250','6','7','6','7');
INSERT INTO seats VALUES('58','1','1','250','6','8','6','8');
INSERT INTO seats VALUES('59','1','1','250','6','9','6','9');
INSERT INTO seats VALUES('60','1','1','250','6','10','6','10');
INSERT INTO seats VALUES('61','1','1','250','7','1','7','1');
INSERT INTO seats VALUES('62','1','1','250','7','2','7','2');
INSERT INTO seats VALUES('63','1','1','250','7','3','7','3');
INSERT INTO seats VALUES('64','1','1','250','7','4','7','4');
INSERT INTO seats VALUES('65','1','1','250','7','5','7','5');
INSERT INTO seats VALUES('66','1','1','250','7','6','7','6');
INSERT INTO seats VALUES('67','1','1','250','7','7','7','7');
INSERT INTO seats VALUES('68','1','1','250','7','8','7','8');
INSERT INTO seats VALUES('69','1','1','250','7','9','7','9');
INSERT INTO seats VALUES('70','1','1','250','7','10','7','10');
INSERT INTO seats VALUES('71','1','1','250','8','1','8','1');
INSERT INTO seats VALUES('72','1','1','250','8','2','8','2');
INSERT INTO seats VALUES('73','1','1','250','8','3','8','3');
INSERT INTO seats VALUES('74','1','1','250','8','4','8','4');
INSERT INTO seats VALUES('75','1','1','250','8','5','8','5');
INSERT INTO seats VALUES('76','1','1','250','8','6','8','6');
INSERT INTO seats VALUES('77','1','1','250','8','7','8','7');
INSERT INTO seats VALUES('78','1','1','250','8','8','8','8');
INSERT INTO seats VALUES('79','1','1','250','8','9','8','9');
INSERT INTO seats VALUES('80','1','1','250','8','10','8','10');
INSERT INTO seats VALUES('81','1','1','250','9','1','9','1');
INSERT INTO seats VALUES('82','1','1','250','9','2','9','2');
INSERT INTO seats VALUES('83','1','1','250','9','3','9','3');
INSERT INTO seats VALUES('84','1','1','250','9','4','9','4');
INSERT INTO seats VALUES('85','1','1','250','9','5','9','5');
INSERT INTO seats VALUES('86','1','1','250','9','6','9','6');
INSERT INTO seats VALUES('87','1','1','250','9','7','9','7');
INSERT INTO seats VALUES('88','1','1','250','9','8','9','8');
INSERT INTO seats VALUES('89','1','1','250','9','9','9','9');
INSERT INTO seats VALUES('90','1','1','250','9','10','9','10');
INSERT INTO seats VALUES('91','1','1','250','10','1','10','1');
INSERT INTO seats VALUES('92','1','1','250','10','2','10','2');
INSERT INTO seats VALUES('93','1','1','250','10','3','10','3');
INSERT INTO seats VALUES('94','1','1','250','10','4','10','4');
INSERT INTO seats VALUES('95','1','1','250','10','5','10','5');
INSERT INTO seats VALUES('96','1','1','250','10','6','10','6');
INSERT INTO seats VALUES('97','1','1','250','10','7','10','7');
INSERT INTO seats VALUES('98','1','1','250','10','8','10','8');
INSERT INTO seats VALUES('99','1','1','250','10','9','10','9');
INSERT INTO seats VALUES('100','1','1','250','10','10','10','10');
INSERT INTO seats VALUES('101','2','1','100','1','1','1','1');
INSERT INTO seats VALUES('102','2','1','100','1','2','1','2');
INSERT INTO seats VALUES('103','2','1','100','1','3','1','3');
INSERT INTO seats VALUES('104','2','1','100','1','4','1','4');
INSERT INTO seats VALUES('105','2','1','100','1','5','1','5');
INSERT INTO seats VALUES('106','2','1','100','1','6','1','6');
INSERT INTO seats VALUES('107','2','1','100','1','7','1','7');
INSERT INTO seats VALUES('108','2','1','100','1','8','1','8');
INSERT INTO seats VALUES('109','2','1','100','1','9','1','9');
INSERT INTO seats VALUES('110','2','1','100','1','10','1','10');
INSERT INTO seats VALUES('111','2','1','100','2','1','2','1');
INSERT INTO seats VALUES('112','2','1','100','2','2','2','2');
INSERT INTO seats VALUES('113','2','1','100','2','3','2','3');
INSERT INTO seats VALUES('114','2','1','100','2','4','2','4');
INSERT INTO seats VALUES('115','2','1','100','2','5','2','5');
INSERT INTO seats VALUES('116','2','1','100','2','6','2','6');
INSERT INTO seats VALUES('117','2','1','100','2','7','2','7');
INSERT INTO seats VALUES('118','2','1','100','2','8','2','8');
INSERT INTO seats VALUES('119','2','1','100','2','9','2','9');
INSERT INTO seats VALUES('120','2','1','100','2','10','2','10');
INSERT INTO seats VALUES('121','2','1','100','3','1','3','1');
INSERT INTO seats VALUES('122','2','1','100','3','2','3','2');
INSERT INTO seats VALUES('123','2','1','100','3','3','3','3');
INSERT INTO seats VALUES('124','2','1','100','3','4','3','4');
INSERT INTO seats VALUES('125','2','1','100','3','5','3','5');
INSERT INTO seats VALUES('126','2','1','100','3','6','3','6');
INSERT INTO seats VALUES('127','2','1','100','3','7','3','7');
INSERT INTO seats VALUES('128','2','1','100','3','8','3','8');
INSERT INTO seats VALUES('129','2','1','100','3','9','3','9');
INSERT INTO seats VALUES('130','2','1','100','3','10','3','10');
INSERT INTO seats VALUES('131','2','1','100','4','1','4','1');
INSERT INTO seats VALUES('132','2','1','100','4','2','4','2');
INSERT INTO seats VALUES('133','2','1','100','4','3','4','3');
INSERT INTO seats VALUES('134','2','1','100','4','4','4','4');
INSERT INTO seats VALUES('135','2','1','100','4','5','4','5');
INSERT INTO seats VALUES('136','2','1','100','4','6','4','6');
INSERT INTO seats VALUES('137','2','1','100','4','7','4','7');
INSERT INTO seats VALUES('138','2','1','100','4','8','4','8');
INSERT INTO seats VALUES('139','2','1','100','4','9','4','9');
INSERT INTO seats VALUES('140','2','1','100','4','10','4','10');
INSERT INTO seats VALUES('141','2','1','100','5','1','5','1');
INSERT INTO seats VALUES('142','2','1','100','5','2','5','2');
INSERT INTO seats VALUES('143','2','1','100','5','3','5','3');
INSERT INTO seats VALUES('144','2','1','100','5','4','5','4');
INSERT INTO seats VALUES('145','2','1','100','5','5','5','5');
INSERT INTO seats VALUES('146','2','1','100','5','6','5','6');
INSERT INTO seats VALUES('147','2','1','100','5','7','5','7');
INSERT INTO seats VALUES('148','2','1','100','5','8','5','8');
INSERT INTO seats VALUES('149','2','1','100','5','9','5','9');
INSERT INTO seats VALUES('150','2','1','100','5','10','5','10');
INSERT INTO seats VALUES('151','2','1','100','6','1','6','1');
INSERT INTO seats VALUES('152','2','1','100','6','2','6','2');
INSERT INTO seats VALUES('153','2','1','100','6','3','6','3');
INSERT INTO seats VALUES('154','2','1','100','6','4','6','4');
INSERT INTO seats VALUES('155','2','1','100','6','5','6','5');
INSERT INTO seats VALUES('156','2','1','100','6','6','6','6');
INSERT INTO seats VALUES('157','2','1','100','6','7','6','7');
INSERT INTO seats VALUES('158','2','1','100','6','8','6','8');
INSERT INTO seats VALUES('159','2','1','100','6','9','6','9');
INSERT INTO seats VALUES('160','2','1','100','6','10','6','10');
INSERT INTO seats VALUES('161','2','1','100','7','1','7','1');
INSERT INTO seats VALUES('162','2','1','100','7','2','7','2');
INSERT INTO seats VALUES('163','2','1','100','7','3','7','3');
INSERT INTO seats VALUES('164','2','1','100','7','4','7','4');
INSERT INTO seats VALUES('165','2','1','100','7','5','7','5');
INSERT INTO seats VALUES('166','2','1','100','7','6','7','6');
INSERT INTO seats VALUES('167','2','1','100','7','7','7','7');
INSERT INTO seats VALUES('168','2','1','100','7','8','7','8');
INSERT INTO seats VALUES('169','2','1','100','7','9','7','9');
INSERT INTO seats VALUES('170','2','1','100','7','10','7','10');
INSERT INTO seats VALUES('171','2','1','100','8','1','8','1');
INSERT INTO seats VALUES('172','2','1','100','8','2','8','2');
INSERT INTO seats VALUES('173','2','1','100','8','3','8','3');
INSERT INTO seats VALUES('174','2','1','100','8','4','8','4');
INSERT INTO seats VALUES('175','2','1','100','8','5','8','5');
INSERT INTO seats VALUES('176','2','1','100','8','6','8','6');
INSERT INTO seats VALUES('177','2','1','100','8','7','8','7');
INSERT INTO seats VALUES('178','2','1','100','8','8','8','8');
INSERT INTO seats VALUES('179','2','1','100','8','9','8','9');
INSERT INTO seats VALUES('180','2','1','100','8','10','8','10');
INSERT INTO seats VALUES('181','2','1','100','9','1','9','1');
INSERT INTO seats VALUES('182','2','1','100','9','2','9','2');
INSERT INTO seats VALUES('183','2','1','100','9','3','9','3');
INSERT INTO seats VALUES('184','2','1','100','9','4','9','4');
INSERT INTO seats VALUES('185','2','1','100','9','5','9','5');
INSERT INTO seats VALUES('186','2','1','100','9','6','9','6');
INSERT INTO seats VALUES('187','2','1','100','9','7','9','7');
INSERT INTO seats VALUES('188','2','1','100','9','8','9','8');
INSERT INTO seats VALUES('189','2','1','100','9','9','9','9');
INSERT INTO seats VALUES('190','2','1','100','9','10','9','10');
INSERT INTO seats VALUES('191','2','1','100','10','1','10','1');
INSERT INTO seats VALUES('192','2','1','100','10','2','10','2');
INSERT INTO seats VALUES('193','2','1','100','10','3','10','3');
INSERT INTO seats VALUES('194','2','1','100','10','4','10','4');
INSERT INTO seats VALUES('195','2','1','100','10','5','10','5');
INSERT INTO seats VALUES('196','2','1','100','10','6','10','6');
INSERT INTO seats VALUES('197','2','1','100','10','7','10','7');
INSERT INTO seats VALUES('198','2','1','100','10','8','10','8');
INSERT INTO seats VALUES('199','2','1','100','10','9','10','9');
INSERT INTO seats VALUES('200','2','1','100','10','10','10','10');
INSERT INTO seats VALUES('201','2','1','100','11','1','11','1');
INSERT INTO seats VALUES('202','2','1','100','11','2','11','2');
INSERT INTO seats VALUES('203','2','1','100','11','3','11','3');
INSERT INTO seats VALUES('204','2','1','100','11','4','11','4');
INSERT INTO seats VALUES('205','2','1','100','11','5','11','5');
INSERT INTO seats VALUES('206','2','1','100','11','6','11','6');
INSERT INTO seats VALUES('207','2','1','100','11','7','11','7');
INSERT INTO seats VALUES('208','2','1','100','11','8','11','8');
INSERT INTO seats VALUES('209','2','1','100','11','9','11','9');
INSERT INTO seats VALUES('210','2','1','100','11','10','11','10');
INSERT INTO seats VALUES('211','2','1','100','12','1','12','1');
INSERT INTO seats VALUES('212','2','1','100','12','2','12','2');
INSERT INTO seats VALUES('213','2','1','100','12','3','12','3');
INSERT INTO seats VALUES('214','2','1','100','12','4','12','4');
INSERT INTO seats VALUES('215','2','1','100','12','5','12','5');
INSERT INTO seats VALUES('216','2','1','100','12','6','12','6');
INSERT INTO seats VALUES('217','2','1','100','12','7','12','7');
INSERT INTO seats VALUES('218','2','1','100','12','8','12','8');
INSERT INTO seats VALUES('219','2','1','100','12','9','12','9');
INSERT INTO seats VALUES('220','2','1','100','12','10','12','10');
INSERT INTO seats VALUES('221','2','1','100','13','1','13','1');
INSERT INTO seats VALUES('222','2','1','100','13','2','13','2');
INSERT INTO seats VALUES('223','2','1','100','13','3','13','3');
INSERT INTO seats VALUES('224','2','1','100','13','4','13','4');
INSERT INTO seats VALUES('225','2','1','100','13','5','13','5');
INSERT INTO seats VALUES('226','2','1','100','13','6','13','6');
INSERT INTO seats VALUES('227','2','1','100','13','7','13','7');
INSERT INTO seats VALUES('228','2','1','100','13','8','13','8');
INSERT INTO seats VALUES('229','2','1','100','13','9','13','9');
INSERT INTO seats VALUES('230','2','1','100','13','10','13','10');
INSERT INTO seats VALUES('231','2','1','100','14','1','14','1');
INSERT INTO seats VALUES('232','2','1','100','14','2','14','2');
INSERT INTO seats VALUES('233','2','1','100','14','3','14','3');
INSERT INTO seats VALUES('234','2','1','100','14','4','14','4');
INSERT INTO seats VALUES('235','2','1','100','14','5','14','5');
INSERT INTO seats VALUES('236','2','1','100','14','6','14','6');
INSERT INTO seats VALUES('237','2','1','100','14','7','14','7');
INSERT INTO seats VALUES('238','2','1','100','14','8','14','8');
INSERT INTO seats VALUES('239','2','1','100','14','9','14','9');
INSERT INTO seats VALUES('240','2','1','100','14','10','14','10');
INSERT INTO seats VALUES('241','2','1','100','15','1','15','1');
INSERT INTO seats VALUES('242','2','1','100','15','2','15','2');
INSERT INTO seats VALUES('243','2','1','100','15','3','15','3');
INSERT INTO seats VALUES('244','2','1','100','15','4','15','4');
INSERT INTO seats VALUES('245','2','1','100','15','5','15','5');
INSERT INTO seats VALUES('246','2','1','100','15','6','15','6');
INSERT INTO seats VALUES('247','2','1','100','15','7','15','7');
INSERT INTO seats VALUES('248','2','1','100','15','8','15','8');
INSERT INTO seats VALUES('249','2','1','100','15','9','15','9');
INSERT INTO seats VALUES('250','2','1','100','15','10','15','10');
INSERT INTO seats VALUES('251','2','1','100','16','1','16','1');
INSERT INTO seats VALUES('252','2','1','100','16','2','16','2');
INSERT INTO seats VALUES('253','2','1','100','16','3','16','3');
INSERT INTO seats VALUES('254','2','1','100','16','4','16','4');
INSERT INTO seats VALUES('255','2','1','100','16','5','16','5');
INSERT INTO seats VALUES('256','2','1','100','16','6','16','6');
INSERT INTO seats VALUES('257','2','1','100','16','7','16','7');
INSERT INTO seats VALUES('258','2','1','100','16','8','16','8');
INSERT INTO seats VALUES('259','2','1','100','16','9','16','9');
INSERT INTO seats VALUES('260','2','1','100','16','10','16','10');
INSERT INTO seats VALUES('261','2','1','100','17','1','17','1');
INSERT INTO seats VALUES('262','2','1','100','17','2','17','2');
INSERT INTO seats VALUES('263','2','1','100','17','3','17','3');
INSERT INTO seats VALUES('264','2','1','100','17','4','17','4');
INSERT INTO seats VALUES('265','2','1','100','17','5','17','5');
INSERT INTO seats VALUES('266','2','1','100','17','6','17','6');
INSERT INTO seats VALUES('267','2','1','100','17','7','17','7');
INSERT INTO seats VALUES('268','2','1','100','17','8','17','8');
INSERT INTO seats VALUES('269','2','1','100','17','9','17','9');
INSERT INTO seats VALUES('270','2','1','100','17','10','17','10');
INSERT INTO seats VALUES('271','2','1','100','18','1','18','1');
INSERT INTO seats VALUES('272','2','1','100','18','2','18','2');
INSERT INTO seats VALUES('273','2','1','100','18','3','18','3');
INSERT INTO seats VALUES('274','2','1','100','18','4','18','4');
INSERT INTO seats VALUES('275','2','1','100','18','5','18','5');
INSERT INTO seats VALUES('276','2','1','100','18','6','18','6');
INSERT INTO seats VALUES('277','2','1','100','18','7','18','7');
INSERT INTO seats VALUES('278','2','1','100','18','8','18','8');
INSERT INTO seats VALUES('279','2','1','100','18','9','18','9');
INSERT INTO seats VALUES('280','2','1','100','18','10','18','10');
INSERT INTO seats VALUES('281','2','1','100','19','1','19','1');
INSERT INTO seats VALUES('282','2','1','100','19','2','19','2');
INSERT INTO seats VALUES('283','2','1','100','19','3','19','3');
INSERT INTO seats VALUES('284','2','1','100','19','4','19','4');
INSERT INTO seats VALUES('285','2','1','100','19','5','19','5');
INSERT INTO seats VALUES('286','2','1','100','19','6','19','6');
INSERT INTO seats VALUES('287','2','1','100','19','7','19','7');
INSERT INTO seats VALUES('288','2','1','100','19','8','19','8');
INSERT INTO seats VALUES('289','2','1','100','19','9','19','9');
INSERT INTO seats VALUES('290','2','1','100','19','10','19','10');
INSERT INTO seats VALUES('291','2','1','100','20','1','20','1');
INSERT INTO seats VALUES('292','2','1','100','20','2','20','2');
INSERT INTO seats VALUES('293','2','1','100','20','3','20','3');
INSERT INTO seats VALUES('294','2','1','100','20','4','20','4');
INSERT INTO seats VALUES('295','2','1','100','20','5','20','5');
INSERT INTO seats VALUES('296','2','1','100','20','6','20','6');
INSERT INTO seats VALUES('297','2','1','100','20','7','20','7');
INSERT INTO seats VALUES('298','2','1','100','20','8','20','8');
INSERT INTO seats VALUES('299','2','1','100','20','9','20','9');
INSERT INTO seats VALUES('300','2','1','100','20','10','20','10');
CREATE TABLE `tickets`(`id`, `user_id`, `note`, `confirmed`, `created_at`, `updated_at`);
COMMIT;
